{
    "$schema": "https://developer.microsoft.com/en-us/json-schemas/teams/v1.14/MicrosoftTeams.schema.json",
    "manifestVersion": "1.14",
    "version": "1.0.0",
    "id": "{{state.fx-resource-appstudio.teamsAppId}}",
    "packageName": "com.microsoft.teams.extension",
    "developer": {
        "name": "Teams App, Inc.",
        "websiteUrl": "{{{state.fx-resource-frontend-hosting.endpoint}}}",
        "privacyUrl": "{{{state.fx-resource-frontend-hosting.endpoint}}}{{{state.fx-resource-frontend-hosting.indexPath}}}/privacy",
        "termsOfUseUrl": "{{{state.fx-resource-frontend-hosting.endpoint}}}{{{state.fx-resource-frontend-hosting.indexPath}}}/termsofuse"
    },
    "icons": {
        "color": "resources/color.png",
        "outline": "resources/outline.png"
    },
    "name": {
        "short": "{{config.manifest.appName.short}}",
        "full": "{{config.manifest.appName.full}}"
    },
    "description": {
        "short": "Short description of {{config.manifest.appName.short}}",
        "full": "Full description of {{config.manifest.appName.short}}"
    },
    "accentColor": "#FFFFFF",
    "bots": [],
    "composeExtensions": [],
    "configurableTabs": [
        {
            "configurationUrl": "{{{state.fx-resource-frontend-hosting.endpoint}}}{{{state.fx-resource-frontend-hosting.indexPath}}}/config",
            "canUpdateConfiguration": true,
            "scopes": [
                "team",
                "groupchat"
            ]
        }
    ],
    "staticTabs": [
        {
            "entityId": "index",
            "name": "Personal Tab",
            "contentUrl": "{{{state.fx-resource-frontend-hosting.endpoint}}}{{{state.fx-resource-frontend-hosting.indexPath}}}/tab",
            "websiteUrl": "{{{state.fx-resource-frontend-hosting.endpoint}}}{{{state.fx-resource-frontend-hosting.indexPath}}}/tab",
            "scopes": [
                "personal"
            ]
        }
    ],
    "permissions": [
        "identity",
        "messageTeamMembers"
    ],
    "validDomains": [],
    "webApplicationInfo": {
        "id": "{{state.fx-resource-aad-app-for-teams.clientId}}",
        "resource": "{{{state.fx-resource-aad-app-for-teams.applicationIdUris}}}"
    },
    "defaultInstallScope": "personal",
    "defaultGroupCapability": {
        "team": "bot",
        "groupchat": "tab"
    }
}